<?xml version="1.0" encoding="utf-8"?>
<!-- IA sample provided by IXIASOFT -->
<!DOCTYPE glossentry PUBLIC "-//OASIS//DTD DITA Glossary//EN" "glossary.dtd">
<glossentry id="opentoolkit">
    <glossterm>Open Toolkit</glossterm>
    <glossdef><p>The open toolkit is what processes your DITA files to transform them into webhelp,
        pdf, and other outputs.</p>
        <p>There are other processors besides the OT that can achieve similar results.</p>
        <p>OxygenXML does use the Open Toolkit to do its processing, but Trisoft uses another processor.</p>
    </glossdef>
    <!-- the rest of this content is optional-->
    <glossBody>
        <glossSurfaceForm>Open Toolkit (OT)</glossSurfaceForm>
        <glossAlt>
            <glossAcronym>OT</glossAcronym>
        </glossAlt>
    </glossBody>
</glossentry>
